time,Year,Month,LandAverageTemperature
1860-1,1860,1,1.857
1860-2,1860,2,2.526
1860-3,1860,3,3.438
1860-4,1860,4,7.905
1860-5,1860,5,11.085
1860-6,1860,6,13.294
1860-7,1860,7,14.195
1860-8,1860,8,13.841
1860-9,1860,9,11.779
1860-10,1860,10,8.673
1860-11,1860,11,4.955
1860-12,1860,12,1.611
1861-1,1861,1,0.479
1861-2,1861,2,2.24
1861-3,1861,3,4.479
1861-4,1861,4,7.58
1861-5,1861,5,10.518
1861-6,1861,6,12.978
1861-7,1861,7,14.024
1861-8,1861,8,13.776
1861-9,1861,9,11.334
1861-10,1861,10,8.293
1861-11,1861,11,5.822
1861-12,1861,12,2.937
1862-1,1862,1,0.534
1862-2,1862,2,1.619
1862-3,1862,3,4.279
1862-4,1862,4,7.196
1862-5,1862,5,10.897
1862-6,1862,6,12.852
1862-7,1862,7,13.911
1862-8,1862,8,13.096
1862-9,1862,9,11.027
1862-10,1862,10,8.203
1862-11,1862,11,4.793
1862-12,1862,12,1.62
1863-1,1863,1,2.991
1863-2,1863,2,3.437
1863-3,1863,3,4.719
1863-4,1863,4,8.14
1863-5,1863,5,11.251
1863-6,1863,6,13.045
1863-7,1863,7,13.797
1863-8,1863,8,13.143
1863-9,1863,9,11.004
1863-10,1863,10,8.074
1863-11,1863,11,5.423
1863-12,1863,12,2.741
1864-1,1864,1,1.517
1864-2,1864,2,2.634
1864-3,1864,3,4.698
1864-4,1864,4,7.606
1864-5,1864,5,11.149
1864-6,1864,6,13.368
1864-7,1864,7,14.154
1864-8,1864,8,13.373
1864-9,1864,9,11.32
1864-10,1864,10,8.658
1864-11,1864,11,5.112
1864-12,1864,12,2.208
1865-1,1865,1,2.956
1865-2,1865,2,2.215
1865-3,1865,3,4.08
1865-4,1865,4,7.463
1865-5,1865,5,10.931
1865-6,1865,6,13.069
1865-7,1865,7,14.166
1865-8,1865,8,13.605
1865-9,1865,9,11.763
1865-10,1865,10,9.118
1865-11,1865,11,6.234
1865-12,1865,12,2.765
1866-1,1866,1,3.008
1866-2,1866,2,2.275
1866-3,1866,3,4.427
1866-4,1866,4,7.882
1866-5,1866,5,10.913
1866-6,1866,6,12.822
1866-7,1866,7,14.637
1866-8,1866,8,13.493
1866-9,1866,9,11.63
1866-10,1866,10,8.607
1866-11,1866,11,6.035
1866-12,1866,12,4.111
1867-1,1867,1,2.48
1867-2,1867,2,2.616
1867-3,1867,3,4.513
1867-4,1867,4,8.206
1867-5,1867,5,10.558
1867-6,1867,6,13.358
1867-7,1867,7,14.343
1867-8,1867,8,13.68
1867-9,1867,9,11.888
1867-10,1867,10,9.284
1867-11,1867,11,6.997
1867-12,1867,12,3.754
1868-1,1868,1,1.792
1868-2,1868,2,1.84
1868-3,1868,3,4.564
1868-4,1868,4,8.122
1868-5,1868,5,11.2
1868-6,1868,6,13.276
1868-7,1868,7,14.567
1868-8,1868,8,13.773
1868-9,1868,9,11.48
1868-10,1868,10,9.353
1868-11,1868,11,5.127
1868-12,1868,12,3.255
1869-1,1869,1,2.244
1869-2,1869,2,3.821
1869-3,1869,3,4.109
1869-4,1869,4,7.978
1869-5,1869,5,11.3
1869-6,1869,6,13.536
1869-7,1869,7,14.424
1869-8,1869,8,13.955
1869-9,1869,9,12.333
1869-10,1869,10,8.967
1869-11,1869,11,5.79
1869-12,1869,12,2.786
1870-1,1870,1,1.991
1870-2,1870,2,2.019
1870-3,1870,3,4.53
1870-4,1870,4,7.867
1870-5,1870,5,11.228
1870-6,1870,6,13.722
1870-7,1870,7,14.566
1870-8,1870,8,13.466
1870-9,1870,9,11.943
1870-10,1870,10,8.773
1870-11,1870,11,5.522
1870-12,1870,12,2.17
1871-1,1871,1,1.258
1871-2,1871,2,1.614
1871-3,1871,3,4.694
1871-4,1871,4,8.344
1871-5,1871,5,10.775
1871-6,1871,6,13.075
1871-7,1871,7,14.253
1871-8,1871,8,13.839
1871-9,1871,9,11.527
1871-10,1871,10,9.002
1871-11,1871,11,4.862
1871-12,1871,12,2.848
1872-1,1872,1,1.617
1872-2,1872,2,2.347
1872-3,1872,3,4.765
1872-4,1872,4,7.763
1872-5,1872,5,11.115
1872-6,1872,6,13.025
1872-7,1872,7,14.245
1872-8,1872,8,13.783
1872-9,1872,9,11.801
1872-10,1872,10,9.031
1872-11,1872,11,5.152
1872-12,1872,12,2.413
1873-1,1873,1,1.869
1873-2,1873,2,3.131
1873-3,1873,3,4.755
1873-4,1873,4,7.391
1873-5,1873,5,10.941
1873-6,1873,6,13.343
1873-7,1873,7,14.232
1873-8,1873,8,13.731
1873-9,1873,9,11.458
1873-10,1873,10,9.103
1873-11,1873,11,5.629
1873-12,1873,12,3.548
1874-1,1874,1,2.573
1874-2,1874,2,3.109
1874-3,1874,3,4.125
1874-4,1874,4,8.13
1874-5,1874,5,11.472
1874-6,1874,6,13.276
1874-7,1874,7,14.086
1874-8,1874,8,13.762
1874-9,1874,9,12.076
1874-10,1874,10,9.109
1874-11,1874,11,5.645
1874-12,1874,12,3.314
1875-1,1875,1,1.565
1875-2,1875,2,2.455
1875-3,1875,3,4.278
1875-4,1875,4,7.543
1875-5,1875,5,10.757
1875-6,1875,6,13.17
1875-7,1875,7,14.153
1875-8,1875,8,13.35
1875-9,1875,9,11.24
1875-10,1875,10,8.621
1875-11,1875,11,4.613
1875-12,1875,12,2.753
1876-1,1876,1,1.987
1876-2,1876,2,2.754
1876-3,1876,3,4.842
1876-4,1876,4,8.243
1876-5,1876,5,10.676
1876-6,1876,6,13.148
1876-7,1876,7,14.285
1876-8,1876,8,13.445
1876-9,1876,9,11.645
1876-10,1876,10,8.94
1876-11,1876,11,5.109
1876-12,1876,12,2.16
1877-1,1877,1,2.276
1877-2,1877,2,2.926
1877-3,1877,3,5.356
1877-4,1877,4,7.981
1877-5,1877,5,11.105
1877-6,1877,6,13.277
1877-7,1877,7,14.624
1877-8,1877,8,14.132
1877-9,1877,9,12.076
1877-10,1877,10,9.254
1877-11,1877,11,6.279
1877-12,1877,12,2.863
1878-1,1878,1,1.99
1878-2,1878,2,3.868
1878-3,1878,3,6.722
1878-4,1878,4,8.914
1878-5,1878,5,11.015
1878-6,1878,6,13.808
1878-7,1878,7,14.787
1878-8,1878,8,14.141
1878-9,1878,9,12.076
1878-10,1878,10,9.161
1878-11,1878,11,6.46
1878-12,1878,12,3.4
1879-1,1879,1,2.336
1879-2,1879,2,2.734
1879-3,1879,3,5.084
1879-4,1879,4,7.777
1879-5,1879,5,10.864
1879-6,1879,6,13.186
1879-7,1879,7,14.171
1879-8,1879,8,13.264
1879-9,1879,9,11.447
1879-10,1879,10,9.323
1879-11,1879,11,5.464
1879-12,1879,12,2.47
1880-1,1880,1,1.883
1880-2,1880,2,1.884
1880-3,1880,3,4.382
1880-4,1880,4,7.394
1880-5,1880,5,10.968
1880-6,1880,6,13.103
1880-7,1880,7,14.085
1880-8,1880,8,13.572
1880-9,1880,9,11.369
1880-10,1880,10,8.648
1880-11,1880,11,5.767
1880-12,1880,12,3.206
1881-1,1881,1,2.426
1881-2,1881,2,2.615
1881-3,1881,3,5.037
1881-4,1881,4,8.315
1881-5,1881,5,11.096
1881-6,1881,6,12.668
1881-7,1881,7,14.128
1881-8,1881,8,13.725
1881-9,1881,9,11.686
1881-10,1881,10,8.813
1881-11,1881,11,5.292
1881-12,1881,12,3.281
1882-1,1882,1,3.144
1882-2,1882,2,3.308
1882-3,1882,3,4.992
1882-4,1882,4,7.65
1882-5,1882,5,10.869
1882-6,1882,6,12.834
1882-7,1882,7,13.698
1882-8,1882,8,13.575
1882-9,1882,9,11.763
1882-10,1882,10,8.509
1882-11,1882,11,5.041
1882-12,1882,12,2.321
1883-1,1883,1,1.604
1883-2,1883,2,1.974
1883-3,1883,3,5.058
1883-4,1883,4,7.723
1883-5,1883,5,10.825
1883-6,1883,6,13.306
1883-7,1883,7,13.974
1883-8,1883,8,13.198
1883-9,1883,9,11.367
1883-10,1883,10,8.947
1883-11,1883,11,5.004
1883-12,1883,12,3.364
1884-1,1884,1,2.29
1884-2,1884,2,2.667
1884-3,1884,3,4.004
1884-4,1884,4,7.193
1884-5,1884,5,10.142
1884-6,1884,6,12.523
1884-7,1884,7,13.632
1884-8,1884,8,13.281
1884-9,1884,9,11.223
1884-10,1884,10,8.555
1884-11,1884,11,5.174
1884-12,1884,12,3.121
1885-1,1885,1,1.199
1885-2,1885,2,2.367
1885-3,1885,3,4.813
1885-4,1885,4,7.49
1885-5,1885,5,10.512
1885-6,1885,6,12.711
1885-7,1885,7,14.043
1885-8,1885,8,13.286
1885-9,1885,9,11.358
1885-10,1885,10,8.73
1885-11,1885,11,5.413
1885-12,1885,12,3.772
1886-1,1886,1,1.489
1886-2,1886,2,1.824
1886-3,1886,3,4.292
1886-4,1886,4,7.985
1886-5,1886,5,10.725
1886-6,1886,6,12.795
1886-7,1886,7,14.195
1886-8,1886,8,13.216
1886-9,1886,9,11.504
1886-10,1886,10,8.539
1886-11,1886,11,5.258
1886-12,1886,12,3.67
1887-1,1887,1,0.917
1887-2,1887,2,2.168
1887-3,1887,3,4.606
1887-4,1887,4,7.837
1887-5,1887,5,10.8
1887-6,1887,6,12.783
1887-7,1887,7,14.029
1887-8,1887,8,13.032
1887-9,1887,9,11.69
1887-10,1887,10,8.698
1887-11,1887,11,5.627
1887-12,1887,12,2.964
1888-1,1888,1,1.929
1888-2,1888,2,2.176
1888-3,1888,3,4.444
1888-4,1888,4,7.846
1888-5,1888,5,10.659
1888-6,1888,6,12.881
1888-7,1888,7,14.221
1888-8,1888,8,13.487
1888-9,1888,9,11.71
1888-10,1888,10,9.18
1888-11,1888,11,5.852
1888-12,1888,12,3.405
1889-1,1889,1,1.929
1889-2,1889,2,3.616
1889-3,1889,3,5.384
1889-4,1889,4,8.621
1889-5,1889,5,11.181
1889-6,1889,6,13.3
1889-7,1889,7,14.238
1889-8,1889,8,13.436
1889-9,1889,9,11.527
1889-10,1889,10,8.753
1889-11,1889,11,5.049
1889-12,1889,12,3.182
1890-1,1890,1,1.914
1890-2,1890,2,2.531
1890-3,1890,3,4.267
1890-4,1890,4,7.829
1890-5,1890,5,10.42
1890-6,1890,6,12.799
1890-7,1890,7,13.971
1890-8,1890,8,13.232
1890-9,1890,9,11.535
1890-10,1890,10,9.142
1890-11,1890,11,4.987
1890-12,1890,12,3.004
1891-1,1891,1,1.726
1891-2,1891,2,1.928
1891-3,1891,3,4.825
1891-4,1891,4,7.668
1891-5,1891,5,10.788
1891-6,1891,6,12.829
1891-7,1891,7,13.92
1891-8,1891,8,13.45
1891-9,1891,9,11.682
1891-10,1891,10,8.657
1891-11,1891,11,5.139
1891-12,1891,12,3.701
1892-1,1892,1,2.033
1892-2,1892,2,2.82
1892-3,1892,3,4.354
1892-4,1892,4,7.604
1892-5,1892,5,10.674
1892-6,1892,6,13.239
1892-7,1892,7,13.878
1892-8,1892,8,13.371
1892-9,1892,9,11.627
1892-10,1892,10,9.198
1892-11,1892,11,4.897
1892-12,1892,12,2.956
1893-1,1893,1,0.576
1893-2,1893,2,1.721
1893-3,1893,3,5.003
1893-4,1893,4,7.976
1893-5,1893,5,10.73
1893-6,1893,6,13.048
1893-7,1893,7,14.282
1893-8,1893,8,13.422
1893-9,1893,9,11.725
1893-10,1893,10,9.08
1893-11,1893,11,5.835
1893-12,1893,12,3.143
1894-1,1894,1,1.763
1894-2,1894,2,2.909
1894-3,1894,3,5.1
1894-4,1894,4,7.688
1894-5,1894,5,10.977
1894-6,1894,6,12.834
1894-7,1894,7,14.066
1894-8,1894,8,13.537
1894-9,1894,9,11.576
1894-10,1894,10,9.117
1894-11,1894,11,5.488
1894-12,1894,12,3.255
1895-1,1895,1,1.429
1895-2,1895,2,2.151
1895-3,1895,3,4.72
1895-4,1895,4,8.232
1895-5,1895,5,10.942
1895-6,1895,6,13.077
1895-7,1895,7,14.158
1895-8,1895,8,13.521
1895-9,1895,9,11.759
1895-10,1895,10,9.127
1895-11,1895,11,5.864
1895-12,1895,12,3.522
1896-1,1896,1,2.406
1896-2,1896,2,2.827
1896-3,1896,3,4.307
1896-4,1896,4,7.436
1896-5,1896,5,10.885
1896-6,1896,6,13.296
1896-7,1896,7,14.228
1896-8,1896,8,13.665
1896-9,1896,9,11.81
1896-10,1896,10,9.432
1896-11,1896,11,5.368
1896-12,1896,12,3.376
1897-1,1897,1,2.033
1897-2,1897,2,2.559
1897-3,1897,3,4.386
1897-4,1897,4,8.298
1897-5,1897,5,11.392
1897-6,1897,6,13.267
1897-7,1897,7,14.253
1897-8,1897,8,13.626
1897-9,1897,9,11.914
1897-10,1897,10,9.242
1897-11,1897,11,5.74
1897-12,1897,12,3.322
1898-1,1898,1,2.869
1898-2,1898,2,2.478
1898-3,1898,3,3.815
1898-4,1898,4,7.886
1898-5,1898,5,10.817
1898-6,1898,6,13.373
1898-7,1898,7,14.065
1898-8,1898,8,13.534
1898-9,1898,9,11.712
1898-10,1898,10,8.782
1898-11,1898,11,5.494
1898-12,1898,12,3.536
1899-1,1899,1,2.691
1899-2,1899,2,2.488
1899-3,1899,3,4.685
1899-4,1899,4,8.356
1899-5,1899,5,11.096
1899-6,1899,6,12.969
1899-7,1899,7,14.191
1899-8,1899,8,13.73
1899-9,1899,9,12.1
1899-10,1899,10,9.354
1899-11,1899,11,6.598
1899-12,1899,12,3.123
1900-1,1900,1,1.656
1900-2,1900,2,3.214
1900-3,1900,3,5.552
1900-4,1900,4,8.24
1900-5,1900,5,11.475
1900-6,1900,6,13.363
1900-7,1900,7,14.199
1900-8,1900,8,13.783
1900-9,1900,9,11.96
1900-10,1900,10,9.69
1900-11,1900,11,5.835
1900-12,1900,12,3.791
1901-1,1901,1,2.255
1901-2,1901,2,3.203
1901-3,1901,3,5.65
1901-4,1901,4,8.564
1901-5,1901,5,11.175
1901-6,1901,6,13.383
1901-7,1901,7,14.306
1901-8,1901,8,13.786
1901-9,1901,9,11.895
1901-10,1901,10,8.988
1901-11,1901,11,5.97
1901-12,1901,12,3.461
1902-1,1902,1,2.713
1902-2,1902,2,3.661
1902-3,1902,3,4.898
1902-4,1902,4,7.988
1902-5,1902,5,10.887
1902-6,1902,6,13.217
1902-7,1902,7,14.19
1902-8,1902,8,13.529
1902-9,1902,9,11.7
1902-10,1902,10,8.767
1902-11,1902,11,5.277
1902-12,1902,12,2.808
1903-1,1903,1,2.568
1903-2,1903,2,3.565
1903-3,1903,3,5.007
1903-4,1903,4,7.881
1903-5,1903,5,10.797
1903-6,1903,6,12.848
1903-7,1903,7,13.962
1903-8,1903,8,13.377
1903-9,1903,9,11.403
1903-10,1903,10,8.792
1903-11,1903,11,5.574
1903-12,1903,12,2.987
1904-1,1904,1,1.805
1904-2,1904,2,2.389
1904-3,1904,3,4.573
1904-4,1904,4,7.709
1904-5,1904,5,10.831
1904-6,1904,6,12.942
1904-7,1904,7,13.756
1904-8,1904,8,13.395
1904-9,1904,9,11.303
1904-10,1904,10,8.738
1904-11,1904,11,6.226
1904-12,1904,12,3.401
1905-1,1905,1,2.353
1905-2,1905,2,2.045
1905-3,1905,3,4.763
1905-4,1905,4,7.792
1905-5,1905,5,10.986
1905-6,1905,6,13.115
1905-7,1905,7,14.066
1905-8,1905,8,13.549
1905-9,1905,9,11.699
1905-10,1905,10,8.967
1905-11,1905,11,6.154
1905-12,1905,12,3.453
1906-1,1906,1,2.134
1906-2,1906,2,2.436
1906-3,1906,3,4.976
1906-4,1906,4,8.638
1906-5,1906,5,11.229
1906-6,1906,6,13.318
1906-7,1906,7,14.105
1906-8,1906,8,13.659
1906-9,1906,9,11.7
1906-10,1906,10,9.234
1906-11,1906,11,5.549
1906-12,1906,12,3.828
1907-1,1907,1,1.892
1907-2,1907,2,2.257
1907-3,1907,3,4.676
1907-4,1907,4,7.67
1907-5,1907,5,10.384
1907-6,1907,6,12.704
1907-7,1907,7,13.749
1907-8,1907,8,13.343
1907-9,1907,9,11.635
1907-10,1907,10,9.216
1907-11,1907,11,5.279
1907-12,1907,12,3.078
1908-1,1908,1,2.35
1908-2,1908,2,2.952
1908-3,1908,3,4.259
1908-4,1908,4,7.886
1908-5,1908,5,11.14
1908-6,1908,6,13.251
1908-7,1908,7,14.175
1908-8,1908,8,13.374
1908-9,1908,9,11.917
1908-10,1908,10,8.844
1908-11,1908,11,5.27
1908-12,1908,12,3.121
1909-1,1909,1,1.427
1909-2,1909,2,2.768
1909-3,1909,3,4.675
1909-4,1909,4,7.603
1909-5,1909,5,10.62
1909-6,1909,6,12.942
1909-7,1909,7,14.042
1909-8,1909,8,13.722
1909-9,1909,9,11.847
1909-10,1909,10,9.143
1909-11,1909,11,6.249
1909-12,1909,12,3.308
1910-1,1910,1,2.473
1910-2,1910,2,2.894
1910-3,1910,3,4.715
1910-4,1910,4,8.137
1910-5,1910,5,10.976
1910-6,1910,6,13.082
1910-7,1910,7,14.233
1910-8,1910,8,13.658
1910-9,1910,9,11.688
1910-10,1910,10,8.966
1910-11,1910,11,5.323
1910-12,1910,12,2.735
1911-1,1911,1,1.696
1911-2,1911,2,2.521
1911-3,1911,3,4.45
1911-4,1911,4,8.021
1911-5,1911,5,10.792
1911-6,1911,6,13.032
1911-7,1911,7,14.023
1911-8,1911,8,13.429
1911-9,1911,9,11.563
1911-10,1911,10,9.208
1911-11,1911,11,5.939
1911-12,1911,12,3.47
1912-1,1912,1,2.441
1912-2,1912,2,3.328
1912-3,1912,3,4.388
1912-4,1912,4,8.264
1912-5,1912,5,11.239
1912-6,1912,6,13.441
1912-7,1912,7,13.706
1912-8,1912,8,13.056
1912-9,1912,9,11.156
1912-10,1912,10,8.301
1912-11,1912,11,5.543
1912-12,1912,12,3.103
1913-1,1913,1,2.121
1913-2,1913,2,2.424
1913-3,1913,3,4.575
1913-4,1913,4,8.02
1913-5,1913,5,10.714
1913-6,1913,6,12.972
1913-7,1913,7,14.119
1913-8,1913,8,13.677
1913-9,1913,9,11.701
1913-10,1913,10,9.027
1913-11,1913,11,6.05
1913-12,1913,12,4.163
1914-1,1914,1,3.43
1914-2,1914,2,3.305
1914-3,1914,3,5.009
1914-4,1914,4,8.088
1914-5,1914,5,11.303
1914-6,1914,6,13.469
1914-7,1914,7,14.267
1914-8,1914,8,13.68
1914-9,1914,9,11.869
1914-10,1914,10,9.391
1914-11,1914,11,5.799
1914-12,1914,12,3.669
1915-1,1915,1,2.344
1915-2,1915,2,3.338
1915-3,1915,3,5.183
1915-4,1915,4,8.694
1915-5,1915,5,11.444
1915-6,1915,6,13.246
1915-7,1915,7,14.342
1915-8,1915,8,13.68
1915-9,1915,9,11.753
1915-10,1915,10,8.929
1915-11,1915,11,6.196
1915-12,1915,12,3.614
1916-1,1916,1,2.631
1916-2,1916,2,3.048
1916-3,1916,3,4.889
1916-4,1916,4,8.057
1916-5,1916,5,10.929
1916-6,1916,6,12.847
1916-7,1916,7,13.974
1916-8,1916,8,13.499
1916-9,1916,9,11.634
1916-10,1916,10,8.985
1916-11,1916,11,5.6
1916-12,1916,12,2.378
1917-1,1917,1,2.164
1917-2,1917,2,2.364
1917-3,1917,3,4.472
1917-4,1917,4,7.811
1917-5,1917,5,10.385
1917-6,1917,6,12.795
1917-7,1917,7,14.158
1917-8,1917,8,13.385
1917-9,1917,9,11.637
1917-10,1917,10,8.504
1917-11,1917,11,5.821
1917-12,1917,12,2.304
1918-1,1918,1,1.963
1918-2,1918,2,2.521
1918-3,1918,3,4.867
1918-4,1918,4,7.64
1918-5,1918,5,10.461
1918-6,1918,6,12.889
1918-7,1918,7,13.938
1918-8,1918,8,13.355
1918-9,1918,9,11.807
1918-10,1918,10,9.377
1918-11,1918,11,5.707
1918-12,1918,12,2.874
1919-1,1919,1,2.236
1919-2,1919,2,2.884
1919-3,1919,3,4.78
1919-4,1919,4,8.471
1919-5,1919,5,10.941
1919-6,1919,6,13.187
1919-7,1919,7,14.233
1919-8,1919,8,13.713
1919-9,1919,9,11.894
1919-10,1919,10,9.305
1919-11,1919,11,5.498
1919-12,1919,12,3.255
1920-1,1920,1,2.892
1920-2,1920,2,2.774
1920-3,1920,3,5.287
1920-4,1920,4,8.307
1920-5,1920,5,11.09
1920-6,1920,6,13.053
1920-7,1920,7,14.196
1920-8,1920,8,13.589
1920-9,1920,9,11.711
1920-10,1920,10,8.982
1920-11,1920,11,5.551
1920-12,1920,12,2.674
1921-1,1921,1,3.024
1921-2,1921,2,3.197
1921-3,1921,3,5.075
1921-4,1921,4,8.303
1921-5,1921,5,11.181
1921-6,1921,6,13.41
1921-7,1921,7,14.369
1921-8,1921,8,13.463
1921-9,1921,9,11.801
1921-10,1921,10,9.231
1921-11,1921,11,5.843
1921-12,1921,12,3.689
1922-1,1922,1,2.174
1922-2,1922,2,2.419
1922-3,1922,3,5.187
1922-4,1922,4,8.374
1922-5,1922,5,11.04
1922-6,1922,6,13.276
1922-7,1922,7,14.192
1922-8,1922,8,13.466
1922-9,1922,9,11.661
1922-10,1922,10,8.993
1922-11,1922,11,6.025
1922-12,1922,12,3.688
1923-1,1923,1,2.552
1923-2,1923,2,2.596
1923-3,1923,3,4.88
1923-4,1923,4,7.738
1923-5,1923,5,10.818
1923-6,1923,6,13.199
1923-7,1923,7,13.897
1923-8,1923,8,13.505
1923-9,1923,9,11.782
1923-10,1923,10,9.425
1923-11,1923,11,6.337
1923-12,1923,12,3.913
1924-1,1924,1,2.342
1924-2,1924,2,2.925
1924-3,1924,3,5.351
1924-4,1924,4,7.931
1924-5,1924,5,11.118
1924-6,1924,6,13.247
1924-7,1924,7,14.221
1924-8,1924,8,13.543
1924-9,1924,9,11.834
1924-10,1924,10,9.12
1924-11,1924,11,6.359
1924-12,1924,12,3.474
1925-1,1925,1,2.298
1925-2,1925,2,2.696
1925-3,1925,3,5.063
1925-4,1925,4,8.375
1925-5,1925,5,10.963
1925-6,1925,6,12.997
1925-7,1925,7,13.972
1925-8,1925,8,13.68
1925-9,1925,9,11.872
1925-10,1925,10,9.096
1925-11,1925,11,6.307
1925-12,1925,12,4.352
1926-1,1926,1,3.458
1926-2,1926,2,3.699
1926-3,1926,3,5.787
1926-4,1926,4,8.156
1926-5,1926,5,10.845
1926-6,1926,6,13.148
1926-7,1926,7,14.07
1926-8,1926,8,13.758
1926-9,1926,9,11.967
1926-10,1926,10,9.455
1926-11,1926,11,6.225
1926-12,1926,12,3.299
1927-1,1927,1,2.282
1927-2,1927,2,2.958
1927-3,1927,3,4.604
1927-4,1927,4,7.992
1927-5,1927,5,11.067
1927-6,1927,6,13.15
1927-7,1927,7,14.203
1927-8,1927,8,13.58
1927-9,1927,9,12.124
1927-10,1927,10,9.793
1927-11,1927,11,6.254
1927-12,1927,12,3.166
1928-1,1928,1,2.944
1928-2,1928,2,3.321
1928-3,1928,3,4.94
1928-4,1928,4,8.159
1928-5,1928,5,11.056
1928-6,1928,6,12.975
1928-7,1928,7,14.189
1928-8,1928,8,13.588
1928-9,1928,9,11.9
1928-10,1928,10,9.362
1928-11,1928,11,6.244
1928-12,1928,12,3.804
1929-1,1929,1,1.965
1929-2,1929,2,2.098
1929-3,1929,3,5.047
1929-4,1929,4,7.981
1929-5,1929,5,10.79
1929-6,1929,6,12.798
1929-7,1929,7,13.821
1929-8,1929,8,13.532
1929-9,1929,9,11.698
1929-10,1929,10,9.332
1929-11,1929,11,6.049
1929-12,1929,12,2.465
1930-1,1930,1,2.29
1930-2,1930,2,3.062
1930-3,1930,3,5.463
1930-4,1930,4,8.038
1930-5,1930,5,10.933
1930-6,1930,6,13.209
1930-7,1930,7,14.327
1930-8,1930,8,13.795
1930-9,1930,9,11.736
1930-10,1930,10,9.138
1930-11,1930,11,6.468
1930-12,1930,12,3.725
1931-1,1931,1,2.622
1931-2,1931,2,2.659
1931-3,1931,3,5.187
1931-4,1931,4,8.044
1931-5,1931,5,10.868
1931-6,1931,6,13.437
1931-7,1931,7,14.47
1931-8,1931,8,13.989
1931-9,1931,9,12.166
1931-10,1931,10,9.83
1931-11,1931,11,6.147
1931-12,1931,12,3.921
1932-1,1932,1,3.518
1932-2,1932,2,2.913
1932-3,1932,3,4.863
1932-4,1932,4,8.657
1932-5,1932,5,11.118
1932-6,1932,6,13.246
1932-7,1932,7,14.272
1932-8,1932,8,13.625
1932-9,1932,9,12.174
1932-10,1932,10,9.571
1932-11,1932,11,5.79
1932-12,1932,12,3.418
1933-1,1933,1,2.081
1933-2,1933,2,2.578
1933-3,1933,3,4.779
1933-4,1933,4,7.996
1933-5,1933,5,10.924
1933-6,1933,6,12.995
1933-7,1933,7,14.15
1933-8,1933,8,13.678
1933-9,1933,9,11.743
1933-10,1933,10,9.13
1933-11,1933,11,5.789
1933-12,1933,12,3.049
1934-1,1934,1,2.358
1934-2,1934,2,3.625
1934-3,1934,3,4.691
1934-4,1934,4,7.88
1934-5,1934,5,11.38
1934-6,1934,6,13.286
1934-7,1934,7,14.255
1934-8,1934,8,13.659
1934-9,1934,9,11.64
1934-10,1934,10,9.308
1934-11,1934,11,6.273
1934-12,1934,12,3.866
1935-1,1935,1,2.07
1935-2,1935,2,4.021
1935-3,1935,3,5.294
1935-4,1935,4,7.632
1935-5,1935,5,10.764
1935-6,1935,6,13.166
1935-7,1935,7,14.215
1935-8,1935,8,13.668
1935-9,1935,9,11.873
1935-10,1935,10,9.373
1935-11,1935,11,5.351
1935-12,1935,12,3.324
1936-1,1936,1,2.122
1936-2,1936,2,2.41
1936-3,1936,3,4.926
1936-4,1936,4,8
1936-5,1936,5,11.119
1936-6,1936,6,13.224
1936-7,1936,7,14.52
1936-8,1936,8,13.74
1936-9,1936,9,11.899
1936-10,1936,10,9.354
1936-11,1936,11,6.112
1936-12,1936,12,3.823
1937-1,1937,1,2.361
1937-2,1937,2,3.469
1937-3,1937,3,4.77
1937-4,1937,4,8.022
1937-5,1937,5,11.288
1937-6,1937,6,13.477
1937-7,1937,7,14.289
1937-8,1937,8,13.91
1937-9,1937,9,12.287
1937-10,1937,10,9.609
1937-11,1937,11,6.254
1937-12,1937,12,3.387
1938-1,1938,1,2.8
1938-2,1938,2,3.334
1938-3,1938,3,5.586
1938-4,1938,4,8.799
1938-5,1938,5,11.367
1938-6,1938,6,13.194
1938-7,1938,7,14.369
1938-8,1938,8,13.875
1938-9,1938,9,12.319
1938-10,1938,10,9.679
1938-11,1938,11,6.45
1938-12,1938,12,3.441
1939-1,1939,1,2.858
1939-2,1939,2,3.179
1939-3,1939,3,4.864
1939-4,1939,4,8.231
1939-5,1939,5,11.42
1939-6,1939,6,13.432
1939-7,1939,7,14.322
1939-8,1939,8,13.844
1939-9,1939,9,11.862
1939-10,1939,10,9.134
1939-11,1939,11,6.092
1939-12,1939,12,4.863
1940-1,1940,1,2.239
1940-2,1940,2,3.319
1940-3,1940,3,5.305
1940-4,1940,4,8.609
1940-5,1940,5,11.209
1940-6,1940,6,13.466
1940-7,1940,7,14.513
1940-8,1940,8,13.759
1940-9,1940,9,12.185
1940-10,1940,10,9.378
1940-11,1940,11,5.995
1940-12,1940,12,4.04
1941-1,1941,1,2.644
1941-2,1941,2,3.539
1941-3,1941,3,5.112
1941-4,1941,4,8.43
1941-5,1941,5,11.374
1941-6,1941,6,13.507
1941-7,1941,7,14.585
1941-8,1941,8,13.933
1941-9,1941,9,11.718
1941-10,1941,10,9.603
1941-11,1941,11,5.854
1941-12,1941,12,3.596
1942-1,1942,1,3.008
1942-2,1942,2,2.785
1942-3,1942,3,5.201
1942-4,1942,4,8.317
1942-5,1942,5,11.213
1942-6,1942,6,13.45
1942-7,1942,7,14.13
1942-8,1942,8,13.687
1942-9,1942,9,12.048
1942-10,1942,10,9.54
1942-11,1942,11,6.304
1942-12,1942,12,3.838
1943-1,1943,1,2.293
1943-2,1943,2,3.455
1943-3,1943,3,5.037
1943-4,1943,4,8.553
1943-5,1943,5,11.372
1943-6,1943,6,13.044
1943-7,1943,7,14.357
1943-8,1943,8,13.69
1943-9,1943,9,11.992
1943-10,1943,10,9.816
1943-11,1943,11,6.162
1943-12,1943,12,4.157
1944-1,1944,1,3.441
1944-2,1944,2,3.492
1944-3,1944,3,5.443
1944-4,1944,4,8.329
1944-5,1944,5,11.254
1944-6,1944,6,13.358
1944-7,1944,7,14.377
1944-8,1944,8,13.956
1944-9,1944,9,12.354
1944-10,1944,10,9.714
1944-11,1944,11,6
1944-12,1944,12,3.374
1945-1,1945,1,2.447
1945-2,1945,2,2.582
1945-3,1945,3,5.107
1945-4,1945,4,8.573
1945-5,1945,5,10.986
1945-6,1945,6,13.214
1945-7,1945,7,14.12
1945-8,1945,8,14.206
1945-9,1945,9,12.116
1945-10,1945,10,9.491
1945-11,1945,11,5.987
1945-12,1945,12,3.076
1946-1,1946,1,2.906
1946-2,1946,2,3.385
1946-3,1946,3,5.144
1946-4,1946,4,8.73
1946-5,1946,5,11.263
1946-6,1946,6,13.19
1946-7,1946,7,14.308
1946-8,1946,8,13.731
1946-9,1946,9,11.973
1946-10,1946,10,9.202
1946-11,1946,11,6.161
1946-12,1946,12,3.099
1947-1,1947,1,2.534
1947-2,1947,2,3.216
1947-3,1947,3,5.7
1947-4,1947,4,8.582
1947-5,1947,5,11.233
1947-6,1947,6,13.326
1947-7,1947,7,14.258
1947-8,1947,8,13.746
1947-9,1947,9,12.081
1947-10,1947,10,9.93
1947-11,1947,11,6.346
1947-12,1947,12,3.581
1948-1,1948,1,3.281
1948-2,1948,2,3.134
1948-3,1948,3,4.839
1948-4,1948,4,8.39
1948-5,1948,5,11.42
1948-6,1948,6,13.543
1948-7,1948,7,14.333
1948-8,1948,8,13.79
1948-9,1948,9,12.054
1948-10,1948,10,9.5
1948-11,1948,11,6.121
1948-12,1948,12,3.429
1949-1,1949,1,3.15
1949-2,1949,2,2.68
1949-3,1949,3,4.963
1949-4,1949,4,8.235
1949-5,1949,5,11.204
1949-6,1949,6,13.099
1949-7,1949,7,14.107
1949-8,1949,8,13.73
1949-9,1949,9,11.848
1949-10,1949,10,9.446
1949-11,1949,11,6.062
1949-12,1949,12,3.4
1950-1,1950,1,1.938
1950-2,1950,2,2.66
1950-3,1950,3,5.16
1950-4,1950,4,8.018
1950-5,1950,5,11.185
1950-6,1950,6,13.268
1950-7,1950,7,14.064
1950-8,1950,8,13.376
1950-9,1950,9,11.879
1950-10,1950,10,9.087
1950-11,1950,11,5.334
1950-12,1950,12,3.487
1951-1,1951,1,2.086
1951-2,1951,2,2.289
1951-3,1951,3,5.015
1951-4,1951,4,8.282
1951-5,1951,5,11.372
1951-6,1951,6,13.135
1951-7,1951,7,14.201
1951-8,1951,8,13.939
1951-9,1951,9,12.232
1951-10,1951,10,9.604
1951-11,1951,11,6.16
1951-12,1951,12,4.255
1952-1,1952,1,2.974
1952-2,1952,2,3.32
1952-3,1952,3,4.883
1952-4,1952,4,8.389
1952-5,1952,5,11.248
1952-6,1952,6,13.366
1952-7,1952,7,14.476
1952-8,1952,8,13.902
1952-9,1952,9,12.181
1952-10,1952,10,9.081
1952-11,1952,11,5.37
1952-12,1952,12,3.608
1953-1,1953,1,2.891
1953-2,1953,2,3.561
1953-3,1953,3,5.641
1953-4,1953,4,8.793
1953-5,1953,5,11.41
1953-6,1953,6,13.517
1953-7,1953,7,14.303
1953-8,1953,8,13.987
1953-9,1953,9,12.13
1953-10,1953,10,9.523
1953-11,1953,11,5.858
1953-12,1953,12,3.936
1954-1,1954,1,1.979
1954-2,1954,2,3.013
1954-3,1954,3,5.043
1954-4,1954,4,8.095
1954-5,1954,5,10.922
1954-6,1954,6,13.311
1954-7,1954,7,14.16
1954-8,1954,8,13.791
1954-9,1954,9,12.038
1954-10,1954,10,9.507
1954-11,1954,11,6.551
1954-12,1954,12,3.522
1955-1,1955,1,3.343
1955-2,1955,2,3.098
1955-3,1955,3,4.512
1955-4,1955,4,8.025
1955-5,1955,5,11.081
1955-6,1955,6,13.444
1955-7,1955,7,14.17
1955-8,1955,8,14.219
1955-9,1955,9,11.867
1955-10,1955,10,9.659
1955-11,1955,11,5.922
1955-12,1955,12,3.254
1956-1,1956,1,2.433
1956-2,1956,2,2.738
1956-3,1956,3,4.834
1956-4,1956,4,7.834
1956-5,1956,5,10.604
1956-6,1956,6,13.097
1956-7,1956,7,14.1
1956-8,1956,8,13.124
1956-9,1956,9,11.705
1956-10,1956,10,8.873
1956-11,1956,11,5.7
1956-12,1956,12,3.532
1957-1,1957,1,2.396
1957-2,1957,2,3.044
1957-3,1957,3,4.94
1957-4,1957,4,8.17
1957-5,1957,5,11.115
1957-6,1957,6,13.573
1957-7,1957,7,14.007
1957-8,1957,8,13.879
1957-9,1957,9,12.135
1957-10,1957,10,9.334
1957-11,1957,11,6.314
1957-12,1957,12,4.263
1958-1,1958,1,3.491
1958-2,1958,2,3.615
1958-3,1958,3,5.378
1958-4,1958,4,8.434
1958-5,1958,5,11.42
1958-6,1958,6,13.055
1958-7,1958,7,14.317
1958-8,1958,8,13.493
1958-9,1958,9,11.762
1958-10,1958,10,9.307
1958-11,1958,11,6.215
1958-12,1958,12,3.773
1959-1,1959,1,2.923
1959-2,1959,2,3.299
1959-3,1959,3,5.822
1959-4,1959,4,8.761
1959-5,1959,5,11.275
1959-6,1959,6,13.498
1959-7,1959,7,14.386
1959-8,1959,8,13.819
1959-9,1959,9,11.883
1959-10,1959,10,9.108
1959-11,1959,11,5.706
1959-12,1959,12,3.725
1960-1,1960,1,2.663
1960-2,1960,2,3.755
1960-3,1960,3,4.225
1960-4,1960,4,8.012
1960-5,1960,5,10.789
1960-6,1960,6,13.34
1960-7,1960,7,14.116
1960-8,1960,8,13.772
1960-9,1960,9,12.035
1960-10,1960,10,9.419
1960-11,1960,11,5.774
1960-12,1960,12,4.214
1961-1,1961,1,2.885
1961-2,1961,2,3.65
1961-3,1961,3,5.492
1961-4,1961,4,8.551
1961-5,1961,5,11.53
1961-6,1961,6,13.585
1961-7,1961,7,14.225
1961-8,1961,8,13.8
1961-9,1961,9,12.163
1961-10,1961,10,9.255
1961-11,1961,11,6.146
1961-12,1961,12,3.429
1962-1,1962,1,2.938
1962-2,1962,2,3.617
1962-3,1962,3,5.482
1962-4,1962,4,8.455
1962-5,1962,5,11.037
1962-6,1962,6,13.345
1962-7,1962,7,14.136
1962-8,1962,8,13.639
1962-9,1962,9,11.919
1962-10,1962,10,9.37
1962-11,1962,11,6.196
1962-12,1962,12,3.864
1963-1,1963,1,2.838
1963-2,1963,2,3.986
1963-3,1963,3,5.055
1963-4,1963,4,8.096
1963-5,1963,5,10.964
1963-6,1963,6,13.301
1963-7,1963,7,14.435
1963-8,1963,8,14.259
1963-9,1963,9,12.497
1963-10,1963,10,9.856
1963-11,1963,11,6.454
1963-12,1963,12,3.673
1964-1,1964,1,2.754
1964-2,1964,2,2.999
1964-3,1964,3,4.787
1964-4,1964,4,7.799
1964-5,1964,5,10.833
1964-6,1964,6,13.401
1964-7,1964,7,14.254
1964-8,1964,8,13.595
1964-9,1964,9,11.517
1964-10,1964,10,8.724
1964-11,1964,11,5.894
1964-12,1964,12,3.361
1965-1,1965,1,2.789
1965-2,1965,2,2.979
1965-3,1965,3,5.125
1965-4,1965,4,7.903
1965-5,1965,5,11.117
1965-6,1965,6,13.223
1965-7,1965,7,14.003
1965-8,1965,8,13.755
1965-9,1965,9,11.641
1965-10,1965,10,9.439
1965-11,1965,11,5.797
1965-12,1965,12,3.711
1966-1,1966,1,2.421
1966-2,1966,2,3.245
1966-3,1966,3,5.5
1966-4,1966,4,8.094
1966-5,1966,5,11.137
1966-6,1966,6,13.448
1966-7,1966,7,14.549
1966-8,1966,8,13.707
1966-9,1966,9,12.09
1966-10,1966,10,9.05
1966-11,1966,11,5.913
1966-12,1966,12,3.325
1967-1,1967,1,2.66
1967-2,1967,2,2.894
1967-3,1967,3,5.392
1967-4,1967,4,8.351
1967-5,1967,5,11.567
1967-6,1967,6,13.104
1967-7,1967,7,14.311
1967-8,1967,8,13.683
1967-9,1967,9,12.022
1967-10,1967,10,9.741
1967-11,1967,11,6.117
1967-12,1967,12,3.86
1968-1,1968,1,2.293
1968-2,1968,2,3.188
1968-3,1968,3,6.084
1968-4,1968,4,8.384
1968-5,1968,5,10.929
1968-6,1968,6,13.152
1968-7,1968,7,13.889
1968-8,1968,8,13.446
1968-9,1968,9,11.515
1968-10,1968,10,9.391
1968-11,1968,11,5.837
1968-12,1968,12,3.186
1969-1,1969,1,1.908
1969-2,1969,2,2.391
1969-3,1969,3,5.015
1969-4,1969,4,8.502
1969-5,1969,5,11.299
1969-6,1969,6,13.388
1969-7,1969,7,14.154
1969-8,1969,8,13.783
1969-9,1969,9,11.962
1969-10,1969,10,9.422
1969-11,1969,11,6.361
1969-12,1969,12,4.145
1970-1,1970,1,2.772
1970-2,1970,2,3.731
1970-3,1970,3,5.262
1970-4,1970,4,8.524
1970-5,1970,5,11.143
1970-6,1970,6,13.428
1970-7,1970,7,14.358
1970-8,1970,8,13.625
1970-9,1970,9,12.229
1970-10,1970,10,9.335
1970-11,1970,11,5.99
1970-12,1970,12,3.445
1971-1,1971,1,2.916
1971-2,1971,2,2.834
1971-3,1971,3,4.983
1971-4,1971,4,8.254
1971-5,1971,5,11.136
1971-6,1971,6,13.029
1971-7,1971,7,14.102
1971-8,1971,8,13.844
1971-9,1971,9,12.079
1971-10,1971,10,9.328
1971-11,1971,11,6.246
1971-12,1971,12,3.813
1972-1,1972,1,1.828
1972-2,1972,2,2.537
1972-3,1972,3,5.196
1972-4,1972,4,8.271
1972-5,1972,5,11.099
1972-6,1972,6,13.412
1972-7,1972,7,14.191
1972-8,1972,8,14.144
1972-9,1972,9,11.866
1972-10,1972,10,9.275
1972-11,1972,11,5.746
1972-12,1972,12,3.738
1973-1,1973,1,3.003
1973-2,1973,2,3.836
1973-3,1973,3,5.83
1973-4,1973,4,8.905
1973-5,1973,5,11.712
1973-6,1973,6,13.76
1973-7,1973,7,14.408
1973-8,1973,8,13.858
1973-9,1973,9,12.104
1973-10,1973,10,9.564
1973-11,1973,11,6.205
1973-12,1973,12,3.821
1974-1,1974,1,2.247
1974-2,1974,2,2.551
1974-3,1974,3,5.16
1974-4,1974,4,8.297
1974-5,1974,5,11.125
1974-6,1974,6,13.333
1974-7,1974,7,14.263
1974-8,1974,8,13.999
1974-9,1974,9,11.717
1974-10,1974,10,9.082
1974-11,1974,11,5.844
1974-12,1974,12,3.509
1975-1,1975,1,3.024
1975-2,1975,2,3.4
1975-3,1975,3,5.7
1975-4,1975,4,8.548
1975-5,1975,5,11.694
1975-6,1975,6,13.492
1975-7,1975,7,14.316
1975-8,1975,8,13.455
1975-9,1975,9,12.103
1975-10,1975,10,9.292
1975-11,1975,11,5.881
1975-12,1975,12,3.654
1976-1,1976,1,2.863
1976-2,1976,2,3.048
1976-3,1976,3,4.506
1976-4,1976,4,8.234
1976-5,1976,5,10.883
1976-6,1976,6,13.023
1976-7,1976,7,14.161
1976-8,1976,8,13.497
1976-9,1976,9,11.872
1976-10,1976,10,8.496
1976-11,1976,11,5.657
1976-12,1976,12,3.672
1977-1,1977,1,2.493
1977-2,1977,2,3.498
1977-3,1977,3,5.719
1977-4,1977,4,8.799
1977-5,1977,5,11.731
1977-6,1977,6,13.842
1977-7,1977,7,14.627
1977-8,1977,8,14.099
1977-9,1977,9,11.858
1977-10,1977,10,9.158
1977-11,1977,11,6.529
1977-12,1977,12,3.766
1978-1,1978,1,2.723
1978-2,1978,2,3.478
1978-3,1978,3,5.617
1978-4,1978,4,8.761
1978-5,1978,5,11.336
1978-6,1978,6,13.155
1978-7,1978,7,14.343
1978-8,1978,8,13.281
1978-9,1978,9,12.017
1978-10,1978,10,9.318
1978-11,1978,11,6.349
1978-12,1978,12,3.758
1979-1,1979,1,2.671
1979-2,1979,2,2.845
1979-3,1979,3,5.432
1979-4,1979,4,8.421
1979-5,1979,5,11.088
1979-6,1979,6,13.364
1979-7,1979,7,14.048
1979-8,1979,8,13.819
1979-9,1979,9,12.217
1979-10,1979,10,9.543
1979-11,1979,11,6.268
1979-12,1979,12,4.571
1980-1,1980,1,2.945
1980-2,1980,2,3.675
1980-3,1980,3,5.341
1980-4,1980,4,8.868
1980-5,1980,5,11.731
1980-6,1980,6,13.522
1980-7,1980,7,14.715
1980-8,1980,8,14.163
1980-9,1980,9,12.294
1980-10,1980,10,9.517
1980-11,1980,11,6.68
1980-12,1980,12,4.015
1981-1,1981,1,3.81
1981-2,1981,2,4.044
1981-3,1981,3,6.188
1981-4,1981,4,8.864
1981-5,1981,5,11.474
1981-6,1981,6,13.71
1981-7,1981,7,14.697
1981-8,1981,8,14.517
1981-9,1981,9,12.179
1981-10,1981,10,9.343
1981-11,1981,11,6.241
1981-12,1981,12,4.535
1982-1,1982,1,2.555
1982-2,1982,2,3.311
1982-3,1982,3,4.884
1982-4,1982,4,8.434
1982-5,1982,5,11.313
1982-6,1982,6,13.234
1982-7,1982,7,14.526
1982-8,1982,8,13.778
1982-9,1982,9,12.019
1982-10,1982,10,9.212
1982-11,1982,11,5.962
1982-12,1982,12,4.357
1983-1,1983,1,3.451
1983-2,1983,2,3.848
1983-3,1983,3,5.677
1983-4,1983,4,8.668
1983-5,1983,5,11.69
1983-6,1983,6,13.437
1983-7,1983,7,14.383
1983-8,1983,8,14.281
1983-9,1983,9,12.689
1983-10,1983,10,9.48
1983-11,1983,11,6.758
1983-12,1983,12,3.86
1984-1,1984,1,2.939
1984-2,1984,2,3.096
1984-3,1984,3,5.666
1984-4,1984,4,8.385
1984-5,1984,5,11.961
1984-6,1984,6,13.317
1984-7,1984,7,14.386
1984-8,1984,8,13.912
1984-9,1984,9,12.007
1984-10,1984,10,9.362
1984-11,1984,11,5.819
1984-12,1984,12,3.165
1985-1,1985,1,3.031
1985-2,1985,2,2.694
1985-3,1985,3,5.431
1985-4,1985,4,8.584
1985-5,1985,5,11.397
1985-6,1985,6,13.551
1985-7,1985,7,13.943
1985-8,1985,8,14.027
1985-9,1985,9,11.923
1985-10,1985,10,9.342
1985-11,1985,11,5.976
1985-12,1985,12,3.828
1986-1,1986,1,3.327
1986-2,1986,2,4.016
1986-3,1986,3,5.793
1986-4,1986,4,8.829
1986-5,1986,5,11.57
1986-6,1986,6,13.373
1986-7,1986,7,14.267
1986-8,1986,8,13.964
1986-9,1986,9,11.839
1986-10,1986,10,9.336
1986-11,1986,11,5.949
1986-12,1986,12,3.8
1987-1,1987,1,3.158
1987-2,1987,2,4.171
1987-3,1987,3,5.283
1987-4,1987,4,8.556
1987-5,1987,5,11.492
1987-6,1987,6,13.886
1987-7,1987,7,14.855
1987-8,1987,8,13.892
1987-9,1987,9,12.458
1987-10,1987,10,9.62
1987-11,1987,11,6.053
1987-12,1987,12,4.508
1988-1,1988,1,3.485
1988-2,1988,2,3.45
1988-3,1988,3,5.931
1988-4,1988,4,8.98
1988-5,1988,5,11.831
1988-6,1988,6,14.053
1988-7,1988,7,14.742
1988-8,1988,8,14.517
1988-9,1988,9,12.712
1988-10,1988,10,9.982
1988-11,1988,11,6.3
1988-12,1988,12,4.388
1989-1,1989,1,2.72
1989-2,1989,2,3.645
1989-3,1989,3,5.764
1989-4,1989,4,8.678
1989-5,1989,5,11.247
1989-6,1989,6,13.425
1989-7,1989,7,14.602
1989-8,1989,8,14.142
1989-9,1989,9,12.402
1989-10,1989,10,9.763
1989-11,1989,11,6.199
1989-12,1989,12,4.477
1990-1,1990,1,3.262
1990-2,1990,2,3.708
1990-3,1990,3,6.734
1990-4,1990,4,9.148
1990-5,1990,5,11.816
1990-6,1990,6,13.853
1990-7,1990,7,14.752
1990-8,1990,8,14.087
1990-9,1990,9,12.208
1990-10,1990,10,9.846
1990-11,1990,11,6.888
1990-12,1990,12,4.419
1991-1,1991,1,3.26
1991-2,1991,2,4.099
1991-3,1991,3,5.57
1991-4,1991,4,9.242
1991-5,1991,5,11.593
1991-6,1991,6,14.25
1991-7,1991,7,14.978
1991-8,1991,8,14.298
1991-9,1991,9,12.659
1991-10,1991,10,9.762
1991-11,1991,11,6.428
1991-12,1991,12,4.101
1992-1,1992,1,3.592
1992-2,1992,2,3.896
1992-3,1992,3,5.912
1992-4,1992,4,8.546
1992-5,1992,5,11.517
1992-6,1992,6,13.555
1992-7,1992,7,14.117
1992-8,1992,8,13.75
1992-9,1992,9,11.634
1992-10,1992,10,9.365
1992-11,1992,11,5.87
1992-12,1992,12,4.069
1993-1,1993,1,3.273
1993-2,1993,2,3.814
1993-3,1993,3,5.912
1993-4,1993,4,8.655
1993-5,1993,5,11.446
1993-6,1993,6,13.503
1993-7,1993,7,14.545
1993-8,1993,8,13.82
1993-9,1993,9,11.947
1993-10,1993,10,9.624
1993-11,1993,11,5.739
1993-12,1993,12,4.064
1994-1,1994,1,3.052
1994-2,1994,2,2.846
1994-3,1994,3,5.74
1994-4,1994,4,8.999
1994-5,1994,5,11.656
1994-6,1994,6,14.111
1994-7,1994,7,14.663
1994-8,1994,8,13.945
1994-9,1994,9,12.505
1994-10,1994,10,9.999
1994-11,1994,11,6.808
1994-12,1994,12,4.118
1995-1,1995,1,3.576
1995-2,1995,2,4.689
1995-3,1995,3,5.953
1995-4,1995,4,8.971
1995-5,1995,5,11.551
1995-6,1995,6,14.103
1995-7,1995,7,15.075
1995-8,1995,8,14.613
1995-9,1995,9,12.562
1995-10,1995,10,10.088
1995-11,1995,11,6.77
1995-12,1995,12,4.13
1996-1,1996,1,2.895
1996-2,1996,2,4.001
1996-3,1996,3,5.547
1996-4,1996,4,8.652
1996-5,1996,5,11.548
1996-6,1996,6,13.629
1996-7,1996,7,14.803
1996-8,1996,8,14.572
1996-9,1996,9,12.314
1996-10,1996,10,9.504
1996-11,1996,11,6.525
1996-12,1996,12,4.33
1997-1,1997,1,3.169
1997-2,1997,2,3.788
1997-3,1997,3,5.942
1997-4,1997,4,8.831
1997-5,1997,5,11.547
1997-6,1997,6,14.098
1997-7,1997,7,14.486
1997-8,1997,8,14.206
1997-9,1997,9,12.645
1997-10,1997,10,10.104
1997-11,1997,11,6.86
1997-12,1997,12,4.439
1998-1,1998,1,3.388
1998-2,1998,2,4.857
1998-3,1998,3,5.993
1998-4,1998,4,9.332
1998-5,1998,5,12.246
1998-6,1998,6,14.496
1998-7,1998,7,15.303
1998-8,1998,8,14.861
1998-9,1998,9,12.648
1998-10,1998,10,9.944
1998-11,1998,11,6.418
1998-12,1998,12,4.712
1999-1,1999,1,3.592
1999-2,1999,2,4.688
1999-3,1999,3,5.519
1999-4,1999,4,8.757
1999-5,1999,5,11.648
1999-6,1999,6,14.009
1999-7,1999,7,14.806
1999-8,1999,8,14.328
1999-9,1999,9,12.706
1999-10,1999,10,9.974
1999-11,1999,11,6.613
1999-12,1999,12,4.573
2000-1,2000,1,2.968
2000-2,2000,2,4.204
2000-3,2000,3,6.188
2000-4,2000,4,9.519
2000-5,2000,5,11.837
2000-6,2000,6,14.016
2000-7,2000,7,14.819
2000-8,2000,8,14.513
2000-9,2000,9,12.55
2000-10,2000,10,9.448
2000-11,2000,11,6.275
2000-12,2000,12,3.871
2001-1,2001,1,3.365
2001-2,2001,2,3.739
2001-3,2001,3,6.221
2001-4,2001,4,9.19
2001-5,2001,5,12.242
2001-6,2001,6,14.052
2001-7,2001,7,15.109
2001-8,2001,8,14.398
2001-9,2001,9,12.706
2001-10,2001,10,9.871
2001-11,2001,11,7.3
2001-12,2001,12,4.512
2002-1,2002,1,4.045
2002-2,2002,2,4.707
2002-3,2002,3,6.761
2002-4,2002,4,9.178
2002-5,2002,5,12.217
2002-6,2002,6,14.043
2002-7,2002,7,15.315
2002-8,2002,8,14.538
2002-9,2002,9,12.973
2002-10,2002,10,9.969
2002-11,2002,11,6.912
2002-12,2002,12,4.073
2003-1,2003,1,4.005
2003-2,2003,2,4.111
2003-3,2003,3,6.042
2003-4,2003,4,9.12
2003-5,2003,5,12.111
2003-6,2003,6,13.975
2003-7,2003,7,14.96
2003-8,2003,8,14.64
2003-9,2003,9,12.885
2003-10,2003,10,10.386
2003-11,2003,11,6.688
2003-12,2003,12,5.153
2004-1,2004,1,3.566
2004-2,2004,2,4.499
2004-3,2004,3,6.329
2004-4,2004,4,9.22
2004-5,2004,5,11.502
2004-6,2004,6,13.865
2004-7,2004,7,14.267
2004-8,2004,8,14.174
2004-9,2004,9,12.608
2004-10,2004,10,10.161
2004-11,2004,11,7.331
2004-12,2004,12,4.275
2005-1,2005,1,3.823
2005-2,2005,2,3.952
2005-3,2005,3,6.556
2005-4,2005,4,9.552
2005-5,2005,5,12.194
2005-6,2005,6,14.436
2005-7,2005,7,15.159
2005-8,2005,8,14.506
2005-9,2005,9,13.238
2005-10,2005,10,10.648
2005-11,2005,11,7.437
2005-12,2005,12,4.879
2006-1,2006,1,3.303
2006-2,2006,2,4.436
2006-3,2006,3,6.313
2006-4,2006,4,9.018
2006-5,2006,5,11.73
2006-6,2006,6,14.431
2006-7,2006,7,14.97
2006-8,2006,8,14.893
2006-9,2006,9,12.903
2006-10,2006,10,10.335
2006-11,2006,11,6.943
2006-12,2006,12,5.026
2007-1,2007,1,4.615
2007-2,2007,2,4.251
2007-3,2007,3,6.395
2007-4,2007,4,9.756
2007-5,2007,5,12.494
2007-6,2007,6,14.317
2007-7,2007,7,15.211
2007-8,2007,8,14.738
2007-9,2007,9,12.95
2007-10,2007,10,10.318
2007-11,2007,11,7.091
2007-12,2007,12,4.538
2008-1,2008,1,2.904
2008-2,2008,2,3.636
2008-3,2008,3,6.875
2008-4,2008,4,9.256
2008-5,2008,5,11.99
2008-6,2008,6,14.101
2008-7,2008,7,15.133
2008-8,2008,8,14.321
2008-9,2008,9,12.802
2008-10,2008,10,10.448
2008-11,2008,11,7.246
2008-12,2008,12,4.422
2009-1,2009,1,3.718
2009-2,2009,2,4.132
2009-3,2009,3,6.097
2009-4,2009,4,9.293
2009-5,2009,5,12.121
2009-6,2009,6,14.226
2009-7,2009,7,15.267
2009-8,2009,8,14.686
2009-9,2009,9,13.171
2009-10,2009,10,10.132
2009-11,2009,11,7.065
2009-12,2009,12,4.328
2010-1,2010,1,3.731
2010-2,2010,2,4.402
2010-3,2010,3,6.72
2010-4,2010,4,9.654
2010-5,2010,5,12.391
2010-6,2010,6,14.352
2010-7,2010,7,15.148
2010-8,2010,8,14.755
2010-9,2010,9,12.906
2010-10,2010,10,10.456
2010-11,2010,11,7.494
2010-12,2010,12,4.292
2011-1,2011,1,3.328
2011-2,2011,2,3.736
2011-3,2011,3,6.08
2011-4,2011,4,9.442
2011-5,2011,5,11.927
2011-6,2011,6,14.341
2011-7,2011,7,15.486
2011-8,2011,8,15.062
2011-9,2011,9,12.914
2011-10,2011,10,10.392
2011-11,2011,11,6.811
2011-12,2011,12,4.663
2012-1,2012,1,3.172
2012-2,2012,2,3.6
2012-3,2012,3,5.989
2012-4,2012,4,9.605
2012-5,2012,5,12.532
2012-6,2012,6,14.427
2012-7,2012,7,15.067
2012-8,2012,8,14.692
2012-9,2012,9,12.996
2012-10,2012,10,10.397
2012-11,2012,11,7.121
2012-12,2012,12,4.074
2013-1,2013,1,3.726
2013-2,2013,2,4.185
2013-3,2013,3,6.202
2013-4,2013,4,8.988
2013-5,2013,5,12.15
2013-6,2013,6,14.51
2013-7,2013,7,14.971
2013-8,2013,8,14.771
2013-9,2013,9,13.169
2013-10,2013,10,10.256
2013-11,2013,11,7.411
2013-12,2013,12,4.716
2014-1,2014,1,3.775
2014-2,2014,2,3.522
2014-3,2014,3,6.336
2014-4,2014,4,9.527
2014-5,2014,5,12.47
2014-6,2014,6,14.237
2014-7,2014,7,14.847
2014-8,2014,8,14.872
2014-9,2014,9,13.08
2014-10,2014,10,10.368
2014-11,2014,11,6.765
2014-12,2014,12,4.893
2015-1,2015,1,3.943
2015-2,2015,2,4.665
2015-3,2015,3,6.725
2015-4,2015,4,9.284
2015-5,2015,5,12.301
2015-6,2015,6,14.474
2015-7,2015,7,15.045
2015-8,2015,8,14.768
2015-9,2015,9,12.984
2015-10,2015,10,10.788
2015-11,2015,11,7.447
2015-12,2015,12,5.499
2016-1,2016,1,4.249
2016-2,2016,2,5.386
2016-3,2016,3,7.481
2016-4,2016,4,10.104
2016-5,2016,5,12.583
2016-6,2016,6,14.33
2016-7,2016,7,15.264
2016-8,2016,8,15.294
2016-9,2016,9,13.204
2016-10,2016,10,10.276
2016-11,2016,11,7.237
2016-12,2016,12,4.963
2017-1,2017,1,4.2
2017-2,2017,2,4.948
2017-3,2017,3,7.141
2017-4,2017,4,9.595
2017-5,2017,5,12.577
2017-6,2017,6,14.224
2017-7,2017,7,15.32
2017-8,2017,8,14.921
2017-9,2017,9,13.06
2017-10,2017,10,10.575
2017-11,2017,11,7.181
2017-12,2017,12,5.171
2018-1,2018,1,3.788
2018-2,2018,2,4.298
2018-3,2018,3,6.677
2018-4,2018,4,9.634
2018-5,2018,5,12.396
2018-6,2018,6,14.446
2018-7,2018,7,15.447
2018-8,2018,8,14.829
2018-9,2018,9,12.936
2018-10,2018,10,10.653
2018-11,2018,11,6.931
2018-12,2018,12,4.915
2019-1,2019,1,4.036
2019-2,2019,2,4.43
2019-3,2019,3,7.107
2019-4,2019,4,9.827
2019-5,2019,5,12.315
2019-6,2019,6,14.475
2019-7,2019,7,15.457
2019-8,2019,8,14.939
2019-9,2019,9,13.269
2019-10,2019,10,10.764
2019-11,2019,11,7.322
2019-12,2019,12,5.424
2020-1,2020,1,4.641
2020-2,2020,2,5.309
2020-3,2020,3,7.06
2020-4,2020,4,9.974
2020-5,2020,5,12.601
2020-6,2020,6,14.641
2020-7,2020,7,15.479
2020-8,2020,8,14.958
2020-9,2020,9,13.502
2020-10,2020,10,10.488
2020-11,2020,11,7.801
2020-12,2020,12,4.817
2021-1,2021,1,3.867
2021-2,2021,2,3.968
2021-3,2021,3,6.696
2021-4,2021,4,9.426
2021-5,2021,5,12.373
2021-6,2021,6,14.593
2021-7,2021,7,15.632
2021-8,2021,8,15.047
2021-9,2021,9,13.347
2021-10,2021,10,10.817
2021-11,2021,11,7.423
2021-12,2021,12,5.015
2022-1,2022,1,4.012
2022-2,2022,2,4.375
2022-3,2022,3,6.829
2022-4,2022,4,9.675
2022-5,2022,5,12.336
2022-6,2022,6,14.762
2022-7,2022,7,15.609
2022-8,2022,8,15.093
2022-9,2022,9,13.197
2022-10,2022,10,10.783
2022-11,2022,11,6.803
2022-12,2022,12,4.607
